ID,X,Y,Z
1,-2.6123207,6.1373916,5.7540016
2,-1.4614775,3.3519776,9.215748
3,-1.0508897,5.542338,8.342621
4,-1.2371505,5.593692,8.236082
5,-1.1425836,5.615119,8.246857
6,-1.209738,5.628047,8.256672
7,-1.4010266,5.792641,8.059518
8,-1.4771588,5.873682,8.046231
9,-1.985067,4.844339,8.421146
10,-7.7101946,5.376667,1.462699
11,-1.7024437,5.2971835,8.297491
12,-1.9034283,3.7168381,9.091733
13,-1.7686408,3.7391033,9.07737
14,-1.7862371,3.7169578,9.094607
15,-1.8320841,3.7216258,9.087305
16,-1.8238245,3.7326388,9.090297
17,-1.8441744,3.714683,9.0972395
18,-1.8701502,3.7363498,9.083834
19,-1.8438151,3.7581367,9.075812
20,-1.8506384,3.7272525,9.092214
21,-1.8252609,3.742335,9.096163
22,-1.8260987,3.7142043,9.097719
23,-1.8599752,3.7107327,9.090178
24,-1.8294506,3.719352,9.095085
25,-1.8059883,3.7121696,9.092932
26,-1.8572222,3.728928,9.07641
27,-1.9254539,3.7673535,9.034873
28,-2.586824,3.5561938,9.084312
29,-2.9911869,6.7782927,6.1000686
30,-0.09600337,6.0119414,7.9453216
31,-0.1505888,6.1002836,8.078193
32,-0.0314824,5.895707,8.10297
33,0.7747303,5.509539,8.517749
34,1.150963,5.7481112,8.437067
35,-1.0293428,6.375964,7.6574287
36,-1.5165418,6.3698587,7.5708833
37,-1.7932999,6.456046,7.4139495
38,-1.8841559,6.432105,7.463029
39,-1.9442475,6.4489837,7.4921165
40,-2.0379765,6.387934,7.539521
41,-1.962323,6.470411,7.4851737
42,-2.009846,6.4890847,7.5745926
43,-0.5495653,7.488262,7.1090612
44,0.5656058,6.0519223,8.184491
45,-0.36617738,4.020769,9.32456
46,-0.050276052,4.549146,8.884764
47,-0.11192413,5.23326,8.699579
48,-1.7215964,6.213404,7.6076317
49,-0.48648086,6.395475,7.6283426
50,-0.43273336,5.9979353,8.059997
51,-0.53029287,5.9583135,8.150735
52,-0.7653934,5.964418,8.096987
53,-0.6231839,5.9844084,8.02217
54,-0.70601976,5.9828525,8.208311
55,-0.5363978,6.003442,8.1566
56,-0.59660935,5.964896,8.100338
57,-0.48456556,6.009547,8.106562
58,-0.14615971,5.9323378,8.1155405
59,-0.022025708,5.977107,8.102972
60,-0.35372812,5.973874,8.027677
61,-0.6067844,5.8620706,8.17647
62,-0.8727687,5.997217,8.0476675
63,-0.8471519,5.9141417,8.180061
64,-0.848708,5.9469414,8.00625
65,-0.6578983,5.9695654,8.0586815
66,-0.4707995,6.0612593,8.575327
67,-0.6862683,5.8421993,7.8080187
68,0.7729348,5.960707,8.226986
69,-0.21989796,5.637863,8.113984
70,-0.21211715,5.582679,8.400317
71,0.06895004,5.5328817,8.575088
72,0.08151907,5.7053766,8.219804
73,-0.14005478,5.4762616,8.449396
74,-0.019990722,5.6914907,8.266967
75,-0.061169226,5.6310396,8.357104
76,-0.18901409,5.446455,8.41181
77,-0.5192801,4.7073965,8.670851
78,-0.36426213,4.922866,9.330666
79,0.45691374,5.5022373,8.547794
80,0.04273466,5.6698246,8.1659355
81,-0.2230103,5.717706,7.956453
82,-0.26251292,5.684189,8.599268
83,-0.45882902,5.6063805,8.096507
84,-0.48157296,5.558499,8.327538
85,-0.568359,5.6036277,8.356505
86,-0.062126864,5.685027,8.24135
87,-0.19272494,5.5851927,8.469269
88,0.56249356,5.6533055,8.3507595
89,-0.23486109,5.6709013,8.236681
90,-0.12449312,5.886609,8.181617
91,0.22253147,5.5981207,8.407619
92,0.035911478,5.5140886,8.439101
93,-0.057218958,5.5255804,8.377574
94,0.040220864,5.5444937,8.410373
95,0.018554267,5.5522738,8.452868
96,-0.13658334,5.5351562,8.399001
97,-0.13550599,5.518876,8.421267
98,-0.42782545,4.9974413,8.647389
99,0.59637,4.719846,8.798098
100,0.39107603,4.66514,8.90224
101,0.112881765,5.0572934,8.816412
102,0.033996202,5.0310774,8.552702
103,0.0059852484,4.728345,8.8897915
104,0.20601217,4.7581515,8.815815
105,0.13406953,4.935912,8.715502
106,0.15741201,4.935195,8.807793
107,0.15585582,4.7921476,8.802767
108,0.13885772,4.7418714,8.888354
109,0.13514689,4.681182,8.858668
110,0.03423561,4.563631,8.998962
111,0.037946463,4.5261636,8.954193
112,0.071942665,4.4919276,8.969515
113,-0.060091875,4.6261168,8.926062
114,0.08115995,4.719726,8.875068
115,0.033876494,4.781972,8.818688
116,0.005506427,4.935914,8.844662
117,-0.044410527,4.91269,8.77308
118,0.0991157,4.7702417,8.836522
119,0.082357004,4.7617435,8.796541
120,-0.023103055,4.8323684,8.7890005
121,-0.10677681,4.9715853,8.711791
122,-0.6982389,5.4326887,8.4283285
123,-0.42519197,5.194716,8.472021
124,0.010653736,4.967755,8.776789
125,-0.03902381,5.1109214,8.64296
126,0.08750431,5.1933985,8.562878
127,0.13730155,4.9638047,8.756799
128,0.17955741,4.9600935,8.724479
129,0.13203456,4.926337,8.760989
130,0.12664782,4.9034734,8.773796
131,0.1137197,4.889587,8.795344
132,0.12772515,4.8498454,8.79666
133,0.20888512,4.8425436,8.806237
134,0.20661072,4.8475714,8.84155
135,0.1526238,4.836318,8.775952
136,0.14843413,4.8559504,8.808392
137,0.18231061,4.861577,8.8057575
138,0.22229204,4.7449846,8.815216
139,0.05961305,4.802682,8.855196
140,0.46014577,4.524248,9.00004
141,0.2986638,4.566863,8.901403
142,0.3762326,4.5724897,8.919599
143,0.41884762,4.5401692,8.943419
144,-0.20110428,4.910775,8.916965
145,0.33852562,4.5987043,8.90284
146,1.1755024,3.7398212,9.567921
147,0.023102993,-2.3058763,9.573906
148,2.3051581,-0.8348223,9.852818
149,-0.094088085,-0.09624283,9.753462
150,-0.16399577,0.33409646,9.938526
151,-0.17129776,0.31829542,9.935295
152,-0.15370113,0.3226048,9.94116
153,-0.16375634,0.33768755,9.939245
154,0.50479573,6.127097,6.949734
155,0.61013603,5.6853857,7.8966002
156,0.036749415,5.697356,8.094113
157,-0.12245815,5.514208,8.529839
158,-0.110487655,6.221664,8.112069
159,-0.1380198,5.0712996,10.441526
160,-0.0015561637,5.6746125,7.5757914
161,-0.4995287,5.643489,8.874588
162,0.83757544,5.110802,9.708933
163,-0.9867278,5.4184437,8.766854
164,0.1696219,5.806288,8.137207
165,-1.4320302,5.0210238,9.160684
166,1.1152909,3.4349332,9.746041
167,0.12892222,4.837875,7.8319597
168,0.8555312,5.430414,8.650741
169,0.62330365,5.520193,8.320355
170,1.0410738,5.9654956,7.958847
171,0.87827516,5.8026967,7.8116097
172,0.6628063,5.6398983,8.733337
173,0.55986,5.9056435,7.8786445
174,0.61013603,5.2927537,8.0187
175,-0.63000715,6.6454196,7.683525
176,-0.49593756,6.346157,7.7768955
177,-0.37503558,6.4730444,7.943285
178,-0.16315784,6.5843697,8.035458
179,-0.32835066,6.6226754,7.460874
180,-0.53304607,6.6322517,7.3579283
181,-0.61085427,6.485015,7.7637277
182,-0.5773369,6.6035223,7.934906
183,-0.06619683,6.5735965,7.497983
184,-0.005147312,6.6992865,7.5171356
185,-0.16674899,6.6992865,7.5171356
186,-0.2589218,6.799839,7.610505
187,-0.1308375,6.8860264,7.410598
188,0.09540483,6.821386,7.229844
189,0.03076417,6.5269117,7.621279
190,0.08104024,6.03253,7.672752
191,0.16842484,6.684922,7.1795673
192,-0.27089226,6.5209265,7.7326045
193,-0.4217205,6.2396197,8.183891
194,-0.43488804,6.1366735,7.780486
195,-0.7461208,6.1977234,8.137207
196,-0.84068775,6.3593245,7.596141
197,-0.58332217,6.415586,7.336381
198,-0.41812932,6.214482,7.8822355
199,-0.16315782,6.1199145,7.865477
200,-0.7365445,6.340172,7.68592
201,-1.0154569,6.4287534,7.7828803
202,-0.6371894,6.434739,7.865477
203,-0.3594739,6.3030634,7.9361024
204,-0.23258668,6.2264524,7.6966925
205,-0.8119586,3.9712112,13.351554
206,-0.49354345,4.792387,9.046964
207,-0.37264147,5.044965,8.428089
208,-0.4672084,4.81154,8.959579
209,0.8818663,5.8661404,8.358661
210,0.13490745,5.7093267,8.307188
211,-1.7300954,6.501774,7.14605
212,-1.8114948,6.414389,7.6356435
213,-1.4835033,6.037318,7.752954
214,-0.086546674,5.327468,8.498716
215,-0.079364374,5.863746,8.48435
216,0.59457445,5.7476325,8.291626
217,0.39227307,5.6387014,8.31078
218,-0.23378372,4.83189,8.71179
219,0.20553339,5.4830847,8.5058975
220,0.16124254,5.277192,8.6758795
221,-0.07457618,4.5050955,8.854239
222,-0.43249395,4.816328,8.612434
223,-0.06619683,4.403346,9.0565405
224,0.26299173,4.444046,9.105619
225,0.1839865,4.778023,8.584904
226,0.4724754,4.872589,9.12956
227,0.53831315,4.8953333,9.116393
228,0.5299338,4.275262,9.090057
229,2.039413,2.55989,8.806356
230,3.3046942,-1.6848471,9.451567
231,0.20553339,-0.23761433,9.286373
232,0.3467852,-0.3238019,9.931583
233,0.3048885,-0.30105796,9.947145
234,0.3443911,-0.3142255,9.916022
235,3.1993542,3.5953379,7.7756987
236,0.99798006,3.530697,7.3447604
237,-0.39179426,5.4938583,8.210226
238,0.34678522,5.6925683,8.260503
239,0.42579046,5.682992,8.388586
240,-0.2277985,6.159417,7.192735
241,-0.5893074,6.370098,8.404148
242,0.44254914,5.935569,7.9265265
243,0.24623305,4.7265496,8.979929
244,-0.056620434,4.543401,8.362251
245,0.45212555,4.372223,9.048161
246,0.31805605,4.7289433,8.985914
247,0.110966474,5.5321636,8.365843
248,-0.5474107,5.076088,8.727352
249,0.2091245,4.6068444,8.981127
250,0.109769434,4.289626,8.914091
251,0.42459342,4.153163,9.301935
252,-0.07697028,4.524248,8.453228
253,0.1791983,4.5362186,8.977535
254,1.333154,3.2553759,9.415655
255,-0.47319362,4.6607113,8.610041
256,-0.24455719,5.222128,8.033064
257,0.50479573,5.1299553,8.868604
258,0.20074518,4.567342,9.459947
259,-0.530652,3.919738,9.119985
260,-0.5366372,5.471114,8.467592
261,0.055902205,5.432809,8.748899
262,-0.110487655,5.1359406,9.032599
263,-0.16196078,5.031797,8.636375
264,-0.28166574,5.205369,8.317961
265,-0.32595655,5.058132,9.177443
266,-0.32356244,4.951595,9.100832
267,-0.5390314,4.7229586,8.936836
268,-0.57973105,4.663106,8.534626
269,-0.5246668,4.7169733,8.554977
270,-0.63359827,4.695426,9.181034
271,-0.6731009,4.6846523,8.955989
272,-0.7126035,4.5781155,9.131954
273,-0.6491599,4.521854,8.842269
274,-0.46960247,4.6379676,8.683062
275,-0.4959376,4.768446,8.726154
276,-0.6084602,4.8462543,8.950003
277,-0.5905044,5.1227727,8.736929
278,-0.49713463,5.2700095,8.442454
279,-0.51269627,5.2556453,8.320355
280,-0.6359923,5.393306,8.659121
281,-0.61444545,5.17664,8.835086
282,-0.62641597,5.158684,8.806357
283,-0.4384792,4.982718,8.884165
284,-0.35947394,4.8306923,8.622011
285,-0.28525686,4.764855,8.9428215
286,-1.9491554,5.710524,7.817595
287,-1.766007,5.6782036,7.8894176
288,-5.1668243,3.8060184,6.8934727
289,1.1799316,-0.14424449,7.3579283
290,0.268977,0.085589,9.189413
291,-1.0525656,0.593138,9.85617
292,3.0243456,4.4721766,7.736075
293,1.3846271,2.4764557,8.902599
294,-0.20098457,3.7984767,9.197194
295,-0.22001767,3.9637897,9.414338
296,0.39442775,4.7114663,8.658523
297,0.56680286,5.562689,8.333883
298,0.20720926,6.399186,7.69406
299,0.08211759,7.242627,6.749469
300,0.04081938,7.2809334,6.850858
301,0.0922925,6.801754,7.4698524
302,-0.0774491,6.4493423,7.6334887
303,-0.18446529,6.376323,7.674428
304,0.6710658,5.4134164,8.259305
305,-0.19152789,6.6845627,7.2105713
306,0.13394983,6.95725,7.1502395
307,0.6290494,4.9282527,8.963649
308,-0.16351694,4.907065,9.1198635
309,-0.25030303,5.0365853,8.702455
310,-0.36103007,5.251695,8.95144
311,0.03100358,6.7738633,7.1728644
312,0.1674672,5.3318977,8.848134
313,-0.12999956,5.3596687,8.414324
314,-0.3786267,5.523545,8.492251
315,-0.18709882,5.609853,8.381525
316,-0.3637833,5.7096863,8.172878
317,-0.3757538,5.820533,8.221598
318,-0.39406866,5.8815827,8.137088
319,-0.44422507,5.8374114,8.20053
320,-0.40568003,5.762835,8.239794
321,-0.39909625,5.705497,8.276782
322,-0.39837798,5.683231,8.223394
323,-0.43249387,5.6398983,8.323827
324,-0.4582305,5.623259,8.329811
325,-0.48779768,5.674852,8.259785
326,-0.48660058,5.660846,8.353992
327,-0.57530195,5.6495943,8.27786
328,-0.53747517,5.605303,8.280374
329,-0.39682192,5.3716397,8.40355
330,-2.513564,2.6245306,8.786963
331,3.7856688,-0.3800632,9.544817
332,1.4328682,-0.26191443,9.927394
333,-0.6825575,0.5926591,9.924044
334,-0.67549497,0.58775127,9.902735
335,-0.6790861,0.5909833,9.898185
336,-0.6685521,0.5928985,9.902853
337,-0.33517385,4.7331333,8.991301
338,0.8196198,4.4429684,9.800746
339,0.06727418,5.204531,8.426175
340,0.48097444,5.6822734,8.130503
341,0.025616854,5.8164625,8.052695
342,0.28322187,5.729078,8.316285
343,0.66723526,5.6352296,8.328735
344,0.2589218,5.8376503,8.148699
345,0.261675,5.7768407,8.17216
346,0.33014622,5.720699,8.147022
347,0.36689565,5.711601,8.306709
348,0.09384866,5.814906,8.180659
349,0.2918406,5.5935717,8.510687
350,0.22887583,5.7305145,8.236322
351,0.12114141,5.63128,8.407141
352,-0.2594006,5.8540497,8.146664
353,0.20385751,5.5708284,8.318319
354,0.11419849,5.4656076,8.560722
355,0.046804633,5.547965,8.417077
356,-0.005267024,5.4138956,8.531515
357,0.09803835,5.420359,8.423422
358,0.1696219,5.321842,8.524691
359,0.20613189,5.2813807,8.524453
360,0.19763285,5.266179,8.504341
361,0.2182221,5.274199,8.535345
362,0.34391227,5.190167,8.506975
363,0.37790853,5.2047706,8.568502
364,0.32679445,5.291916,8.550908
365,0.32559744,5.246907,8.6558895
366,0.24599361,5.1845407,8.632785
367,0.31015548,5.230148,8.567187
368,0.2772366,5.297662,8.550188
369,0.21546891,5.4264646,8.436349
370,0.21463099,5.569032,8.341065
371,0.23210791,5.568554,8.317123
372,0.29567122,5.547605,8.333284
373,0.25832328,5.5491624,8.441736
374,0.27364546,5.593453,8.376138
375,0.24874684,5.522348,8.353035
376,0.18075445,5.4349627,8.498716
377,0.26107648,5.393426,8.463642
378,0.2787928,5.3874407,8.425817
379,0.30608553,5.39977,8.500751
380,0.26143557,5.37547,8.447363
381,0.3053673,5.3473387,8.529481
382,0.07960379,5.349135,8.159232
383,-0.66783386,5.106493,8.8219185
384,-0.3408,5.090931,8.472261
385,-0.4069968,5.1998625,8.56599
386,-0.36917007,5.2548075,8.55785
387,-0.37551442,5.2724037,8.570539
388,-0.30500817,5.2277536,8.579875
389,-0.23055172,5.2362533,8.476689
390,-0.32080925,5.171373,8.553182
391,-0.5990036,5.1821465,8.53678
392,-0.64987814,5.1457562,8.441377
393,-1.1318101,5.2753954,8.526129
394,0.33014625,4.4460807,8.178506
395,3.0712698,1.9698645,10.14047
396,2.01224,-0.30560672,9.807689
397,0.942437,-0.26981494,9.935295
398,-0.09145458,0.07014707,9.910993
399,-0.17788155,0.10749501,9.939365
400,-0.18015593,0.101390064,9.936012
401,-0.19966784,0.10881176,9.935055
402,-0.18362737,0.11635318,9.943792
403,-0.19200674,0.11336056,9.933022
404,-0.1963161,0.10713589,9.943913
405,-0.20529397,0.11108617,9.932423
406,-0.19284464,0.11072705,9.938887
407,-0.19739345,0.11060734,9.933619
408,-0.20325896,0.1139591,9.940681
409,-0.20661072,0.11024823,9.93338
410,-0.19918902,0.11024823,9.934097
411,-0.20002694,0.11120586,9.937689
412,-0.20026636,0.11575464,9.932302
413,-0.20649102,0.11659257,9.931704
414,-0.21163833,0.117071405,9.935654
415,-0.19583729,0.12114136,9.938288
416,-0.19823137,0.11455761,9.937928
417,-0.20409691,0.120782256,9.931704
418,-0.21163833,0.12293694,9.938288
419,-0.20984276,0.124014296,9.940321
420,-0.2009846,0.116592586,9.938646
421,-0.20553336,0.12293694,9.94499
422,-0.2039772,0.11611376,9.942717
423,-0.20337868,0.11635317,9.942477
424,-0.19116879,0.11743052,9.932541
425,-0.20086488,0.11766992,9.936731
426,-0.21223685,0.11743052,9.938885
427,-0.21666594,0.11898668,9.93781
428,-0.21295507,0.11874727,9.93709
429,-0.22109501,0.1195852,9.935294
430,-0.21726446,0.118507884,9.936972
431,-0.20541367,0.12305665,9.935773
432,-0.20972307,0.12449311,9.943197
433,-0.2060122,0.110966444,9.936254
434,-0.21702507,0.124134004,9.936731
435,-0.21175805,0.1193458,9.929549
436,-0.20433632,0.12461281,9.941637
437,-0.20577279,0.12269755,9.938646
438,-0.20804718,0.12329607,9.935774
439,-0.21858124,0.118148744,9.932423
440,-0.20744868,0.12281723,9.935534
441,-0.20708954,0.12317636,9.936491
442,-0.19966784,0.11563494,9.9368515
443,-0.21115951,0.11491673,9.936253
444,-0.22097532,0.12245812,9.933977
445,-0.20397723,0.12233843,9.929428
446,-0.20301957,0.120901965,9.940921
447,-0.21235654,0.11850788,9.937449
448,-0.21020186,0.12365518,9.935414
449,-0.20732895,0.12580986,9.931943
450,-0.20313928,0.12257783,9.935655
451,-0.20732896,0.12509164,9.932181
452,-0.20792747,0.120064035,9.930627
453,-0.20792747,0.11898669,9.932302
454,-0.20529397,0.11838814,9.9303875
455,-0.20864573,0.12018374,9.940322
456,-0.2112792,0.12245812,9.934337
457,-0.20050576,0.12138077,9.9323015
458,-0.21367331,0.12042314,9.93709
459,-0.21223685,0.12245812,9.937689
460,-0.20242104,0.11922608,9.93661
461,-0.21834183,0.12138078,9.9393635
462,-0.21259597,0.11826847,9.938167
463,-0.22205266,0.12449312,9.930865
464,-0.20146342,0.11563494,9.940203
465,-0.21235657,0.120782256,9.936251
466,-0.19978754,0.12269753,9.94164
467,-0.2063713,0.12030344,9.933141
468,-0.21175805,0.120064035,9.93721
469,-0.20373778,0.12293695,9.934697
470,-0.20385751,0.12257783,9.936252
471,-0.20744865,0.120782256,9.93733
472,-0.19990721,0.12185961,9.939245
473,-0.21499006,0.12604927,9.9419985
474,-0.21355362,0.12592956,9.9419985
475,-0.21463096,0.12281724,9.939844
476,-0.22001767,0.12509164,9.937449
477,-0.20720926,0.120901965,9.936252
478,-0.20517425,0.12413399,9.942596
479,-0.21714476,0.12066255,9.930745
480,-0.2159477,0.119585216,9.941639
481,-0.20613189,0.12521134,9.9414
482,-0.21211715,0.123056665,9.941041
483,-0.20397723,0.12018374,9.936493
484,-0.20373781,0.12162019,9.935893
485,-0.2153492,0.118148744,9.935892
486,-0.20780778,0.121021666,9.932781
487,-0.20696983,0.11874728,9.939005
488,-0.21463096,0.12185959,9.937809
489,-0.20661072,0.122338414,9.938169
490,-0.21355362,0.12018372,9.937927
491,-0.21175805,0.11647286,9.938646
492,-0.210561,0.12114139,9.939604
493,-0.20996246,0.11826847,9.943554
494,-0.21115951,0.11527584,9.943435
495,-0.20924425,0.12066255,9.935294
496,-0.20397723,0.120064035,9.936972
497,-0.21020186,0.12389459,9.939005
498,-0.21463092,0.1244931,9.937809
499,-0.20864573,0.12341577,9.935773
500,-0.20900483,0.122099005,9.934937
501,-0.20912452,0.12592956,9.933858
502,-0.54369986,6.63716,7.691306
503,-0.45954722,6.624112,8.89841
504,-0.7546199,6.514103,7.506841
505,-1.098293,6.3837442,6.970443
506,-0.048121404,2.7918782,10.671002
507,0.35911483,2.8927896,9.638785
508,0.04261499,6.0091877,7.2257743
509,-0.017117815,7.5919275,6.610611
510,-0.4383595,7.7009773,6.4919825
511,-1.366312,5.678683,7.760257
512,0.3206895,3.3060107,9.52734
513,0.58739215,5.234936,8.236681
514,0.53412354,6.232917,7.885707
515,0.6778891,6.3654294,7.728774
516,0.7972349,6.2554207,7.769114
517,0.7979532,6.2774463,7.812926
518,0.72265875,6.2084966,7.793654
519,0.6376682,6.161812,7.8343534
520,1.4289179,6.1235056,8.107281
521,0.80645216,6.1725855,7.894206
522,0.84954596,6.039713,8.15636
523,1.3032277,6.0600624,8.30599
524,0.7334322,6.297078,7.839142
525,0.45033002,6.3234134,7.702559
526,0.8685789,6.1570234,7.6749067
527,1.0093521,6.016011,8.427252
528,0.33888465,5.7120805,8.084656
529,0.24336013,5.4860764,8.396248
530,0.2617947,5.8876877,8.3035965
531,0.27137113,5.807485,8.139601
532,0.20433633,5.5537105,8.29402
533,0.14687794,5.592016,8.3431
534,0.06906975,5.669824,8.283247
535,0.08941959,5.7105236,7.8786445
536,0.29172093,5.6506715,8.128827
537,0.08965899,5.682393,8.315088
538,0.19104908,5.6388216,8.304434
539,0.19559786,5.5716667,8.361893
540,0.19523875,5.535634,8.397804
541,0.2182221,5.465728,8.409776
542,0.24778922,5.4365196,8.451074
543,0.3272733,5.2154245,8.632667
544,0.29722738,5.16455,8.584305
545,0.30572644,5.1509027,8.602859
546,0.26299173,5.157487,8.45203
547,0.18518354,5.0653143,8.516671
548,0.2617947,5.0940437,8.714184
549,0.34319407,5.0701027,8.637573
550,0.40544063,5.0294027,8.624406
551,0.31446487,5.0461617,8.847057
552,0.33565265,5.072736,8.638411
553,0.30381113,5.122054,8.672888
554,0.3300265,5.1050572,8.733576
555,0.3973007,5.0985928,8.584663
556,0.4511679,5.0768065,8.661754
557,0.36653653,5.105536,8.673006
558,0.28705242,5.296943,8.583109
559,0.14161095,5.5953684,8.310419
560,0.17776182,5.8287916,8.198974
561,0.14663856,5.929224,8.141994
562,0.17919828,5.9841695,8.060236
563,4.788205E-4,5.9222813,8.132898
564,-0.034235615,5.4375963,8.881891
565,-0.17836036,5.5741796,8.31892
566,0.1995482,3.6547115,8.59843
567,0.38102078,4.835361,8.477407
568,0.5593811,6.0283403,8.190475
569,2.358786,7.778665,6.913224
570,0.94734496,7.6790724,6.6788416
571,0.6041507,7.7948265,6.824643
572,1.0766262,8.224687,5.660033
573,1.735482,8.60104,5.1362042
574,0.5340038,9.3304,4.145766
575,1.1588635,9.146894,4.067359
576,1.8003622,7.1752343,7.098886
577,0.5767385,8.808728,5.4154763
578,1.31041,8.515092,4.9731665
579,1.106672,8.688543,4.8728538
580,1.0465803,8.607025,5.4047027
581,0.87205046,8.751747,5.488736
582,0.6952464,8.7843075,4.885542
583,0.5348416,8.907125,4.8437653
584,1.1597015,8.798912,5.026195
585,1.5227664,8.791849,4.9239674
586,1.0646557,9.138515,4.2447615
587,0.80250186,9.095541,4.692099
588,0.97248286,8.990679,4.6071086
589,1.0650148,8.938009,4.548812
590,1.0487349,8.969729,4.623029
591,1.1078691,8.894316,4.7375875
592,0.099594496,9.245052,4.950782
593,-0.911553,8.66185,6.4565506
594,-0.2333049,8.110609,5.7967362
595,-0.59948236,8.120783,6.1041384
596,-0.56153584,8.135866,5.9482827
597,-0.4893539,8.100672,6.08702
598,-0.51137954,8.177643,5.94529
599,-0.4334516,8.140535,5.881129
600,-0.46122313,8.199309,5.9529514
601,-0.30668408,8.116354,6.0087337
602,-0.35887545,8.106539,6.0718184
603,-0.14292769,8.057818,6.1813483
604,-0.36474097,8.268378,5.8246274
605,-0.33230084,8.239411,5.84007
606,-0.29818502,8.274485,5.8593416
607,-0.29243916,8.225764,5.9097376
608,-0.31961218,8.246593,5.8994427
609,-0.24491632,8.17848,5.6225657
610,-0.09325015,8.155856,5.9845533
611,-0.4189673,8.217983,6.0493135
612,-0.01568135,8.065001,6.0623617
613,0.22815764,7.8884354,6.042371
614,0.05841601,7.91884,6.2653813
615,-0.0058655576,7.9572654,6.143522
616,-0.13095723,8.007183,6.2289906
617,-0.09504571,7.9558296,6.1212564
618,-0.20505457,7.994853,6.025732
619,-0.28968593,7.988509,6.144479
620,-0.18075447,7.9622946,6.2166615
621,-0.086067855,7.935959,6.2480245
622,-0.26766026,7.970313,6.2312646
623,-0.22181325,7.994494,6.13622
624,-0.20816688,7.9704347,6.2377286
625,-0.27759576,7.9663644,6.1456766
626,-0.2766381,7.9625335,6.208522
627,-0.3871258,7.992579,6.3228393
628,0.022743944,7.8753877,6.2189355
629,-0.3801829,7.848694,6.4511633
630,-2.566474,3.8196647,9.655305
631,-1.242657,4.712185,8.669294
632,0.41142583,5.5610123,8.252242
633,0.3715641,5.2260776,8.614111
634,0.34103936,5.259955,8.451551
635,-0.13861832,4.9305267,8.511523
636,-0.33194178,4.724395,8.921514
637,-0.73247457,4.825545,8.759672
638,0.49055082,4.749054,9.186062
639,-1.2658796,4.034535,8.330889
640,-0.61360747,4.040641,9.139735
641,-0.65203285,4.1682453,9.117591
642,-0.44865417,4.022565,9.179478
643,-0.42674813,3.988449,9.210602
644,-0.3958642,3.8990293,9.2388525
645,-0.4771439,3.8852627,9.169063
646,-0.3903578,3.8935227,9.090056
647,-0.509943,3.8713772,9.228079
648,-0.12509166,3.9161472,9.632441
649,-2.5470815,5.8849344,7.697052
650,-0.8093251,4.169323,9.160803
651,-0.17213568,3.9737248,9.285177
652,0.31434512,4.532508,8.938032
653,0.3794647,4.8490076,8.796422
654,-3.4434319,6.363993,6.763114
655,-1.0935047,4.8767786,8.762785
656,-0.32954767,5.0387397,8.59065
657,0.5932576,5.388877,8.268164
658,-0.60067946,2.9032035,9.4320545
659,-0.50527453,2.8659756,9.765674
660,0.3166196,2.5185916,10.004484
661,-1.7061542,2.659245,9.451926
662,-0.8822254,3.353414,9.53165
663,1.1259446,5.3199267,8.358183
664,1.163532,6.707906,5.9044704
665,0.9558439,2.4723854,9.909558
666,-0.15250409,2.7028174,9.153979
667,-1.6913111,3.588634,8.662592
668,-1.6557589,3.3249245,9.665361
669,0.23438224,3.417935,9.138538
670,-1.619129,3.4944267,9.412663
671,-0.34127882,3.473119,9.647524
672,0.5302928,3.4240403,9.372801
673,0.49964842,3.738505,9.313068
674,0.16196077,4.105281,9.204495
675,0.24312074,4.072721,9.184385
676,0.4806153,3.832952,9.362147
677,0.5264623,3.8212209,9.208205
678,0.54118603,3.8432465,9.246512
679,0.45152703,3.9175835,9.33294
680,0.37419766,3.9827027,9.24735
681,-0.38197845,4.602295,8.87399
682,-0.2705331,5.0226994,8.631229
683,-0.056740142,4.979007,8.6823435
684,-1.4345441,5.007257,8.361533
685,-0.8046566,4.261855,9.10945
686,-0.48767796,4.3025546,8.969874
687,0.051114004,4.194341,9.041937
688,-0.045727286,4.3917346,9.0484
689,-2.3015666,5.737338,8.061434
690,-1.9470009,5.4860773,8.137087
691,0.532687,4.4100494,8.9466505
692,0.34882015,4.5827837,8.906071
693,-2.9972918,5.082312,8.370991
694,0.8831831,3.8664696,9.449652
695,0.033397675,6.160135,7.5634623
696,1.4721313,2.9531207,9.211319
697,-0.5264624,2.4381502,9.533804
698,-1.0154569,2.116503,9.477782
699,-0.9569212,2.9247508,9.155897
700,-0.6392244,0.81411314,10.458525
701,0.0897787,1.9971573,9.557625
702,-0.29782587,3.1087368,9.4514475
703,-0.49677548,3.5332108,9.354007
704,-4.2131352,6.334187,6.481688
705,-4.235161,6.2570963,6.507304
706,-3.8584495,5.513011,8.458015
707,-5.128518,6.238423,5.586295
708,1.2553456,2.526373,9.250462
709,-1.5708878,4.810343,10.099171
710,-5.638462,6.464665,5.3600526
711,-5.6252937,6.462271,4.706464
712,0.4341698,3.1033504,8.807554
713,-0.1308375,3.6635695,8.8135395
714,-0.3295477,3.9927583,8.917683
715,-0.39418837,4.4117255,9.124773
716,-0.09612307,4.108872,8.823116
717,0.04153761,4.13808,8.8723135
718,-1.4006674,5.332975,8.375658
719,-3.1152015,6.82378,6.6484365
720,-3.1450076,6.8429327,6.649275
721,-3.5292606,6.870465,6.340436
722,-2.738011,6.505365,7.3028636
723,-3.0695934,6.7160454,6.6408954
724,0.9393246,3.6061113,10.248802
725,0.2414448,4.1730347,9.154698
726,0.07589294,4.28424,8.991779
727,0.16495341,3.981027,9.220655
728,-0.2766381,3.642262,9.25573
729,-0.34738374,3.5227962,9.339643
730,-0.52490616,3.5709178,9.36119
731,-1.3416529,3.8756871,9.1166315
732,0.026574498,3.6930172,9.288649
733,-0.22097532,4.0043697,9.124773
734,-0.12413403,4.2026014,9.059773
735,-0.61624104,4.4139996,8.932047
736,-0.08259641,4.0311832,9.229155
737,0.0702668,3.72019,9.3170185
738,-0.5377146,3.9807868,9.189054
739,-1.7735484,4.7793393,8.605013
740,-2.6643925,5.52534,7.513185
741,-0.567162,3.7400613,9.271531
742,0.09169398,3.4600708,9.464375
743,0.11994435,3.658422,9.349099
744,0.18255004,3.4339757,9.390878
745,0.14783558,3.518607,9.3874035
746,0.072182074,3.486526,9.39363
747,0.1067768,3.4606698,9.438877
748,0.016160166,3.4586349,9.399375
749,-0.005985246,3.4654584,9.393389
750,-0.022624234,3.4038098,9.457911
751,-0.012090199,3.3633494,9.4799385
752,-0.053268693,3.3677783,9.442827
753,-0.07290031,3.4591134,9.795121
754,-5.2466674,3.136748,7.1636467
755,-2.2797804,2.6751657,8.901283
756,4.270713,4.5304728,8.636019
757,0.6084602,6.9755654,6.266339
758,-0.2506621,4.7594686,8.424738
759,-2.5586925,5.074771,8.105127
760,-1.4533377,5.5191154,8.5918455
761,0.9552455,4.60876,9.060371
762,0.34103936,3.6374736,9.374237
763,0.16387607,3.687271,9.380583
764,0.24802864,3.7112117,9.406317
765,-2.2797804,5.9452653,7.3461967
766,4.846135,3.6014428,8.16007
767,2.5385826,0.41453815,10.223304
768,-0.80046684,6.2429714,7.532697
769,-0.38748485,5.2467866,8.192152
770,-0.8384134,4.3546257,9.106697
771,-0.40831357,3.675181,9.408352
772,0.18231061,3.558349,9.430979
773,0.4940223,3.8044624,9.27979
774,0.78131413,4.2722692,9.137939
775,1.2443328,4.30423,9.089219
776,0.7450435,4.4998283,9.012369
777,0.4289028,4.6887226,8.883447
778,0.10617828,4.6827374,8.839276
779,-0.33254027,4.7647347,9.439118
780,0.1908097,5.8978615,7.810054
781,-0.21020189,3.454924,9.667155
782,2.2138233,4.0785866,8.758356
783,1.100687,4.4609237,8.85388
784,0.13586512,4.8889885,8.771763
785,0.07122443,4.772996,9.029007
786,0.43524712,4.625279,8.589691
787,0.12317637,3.2145565,9.927154
788,0.35360837,3.8465984,9.255251
789,0.38616815,4.3363113,9.0752125
790,0.30393085,4.3876653,8.983162
791,0.6979995,4.2264223,9.229274
792,0.7807156,4.9233446,8.848373
793,0.26478735,4.6459875,8.895897
794,0.35037634,4.575002,8.85819
795,-0.42028403,4.605528,8.966043
796,0.42890272,4.5524983,9.284937
797,-0.6660383,4.81561,8.581672
798,0.055782497,2.96976,9.9220085
799,0.2155886,2.7909205,9.569118
800,0.12904194,2.3587856,9.962827
801,0.19859049,2.100223,9.779678
802,-0.5340037,3.3347404,9.408234
803,-0.4828897,3.9665427,8.949883
804,-0.10222803,2.738011,9.753702
805,-0.49833164,3.860125,9.154818
806,-1.0282655,4.29633,8.808273
807,-1.7030423,4.209663,8.402473
808,-3.609942,3.3057716,8.678991
809,0.6738191,3.7923722,9.854972
810,0.62689483,6.6778603,7.2716203
811,-1.0224001,6.490761,7.43023
812,-0.96937066,6.5458245,8.1834135
813,0.06703477,5.559217,8.684618
814,-0.08534962,5.462136,8.672048
815,-0.06835152,5.366971,8.627996
816,-0.16962191,5.443223,8.2138195
817,-0.09325015,5.33082,8.554379
818,-0.30464906,5.141805,8.628237
819,0.7822718,5.292514,8.87351
820,0.8459549,4.9672766,8.843347
821,0.4819321,4.5248466,8.975023
822,0.46912366,4.53526,9.006983
823,0.47510892,4.6932707,8.893023
824,0.5495654,4.843621,8.816173
825,0.64784306,4.9080224,8.869201
826,-0.29615003,4.61678,8.999802
827,-3.469408,4.9300475,7.8157983
828,-3.8092504,3.6006045,8.756081
829,-2.094118,6.9734106,6.907
830,-0.47403154,5.457588,8.169526
831,3.899149,4.505454,8.033782
832,4.030345,4.13401,8.27379
833,4.5641103,3.3528156,8.401516
834,3.897593,4.6604724,8.013671
835,3.2637553,4.9605722,8.206995
836,4.202721,5.926591,6.942672
837,4.095704,6.0387545,7.13013
838,4.1286235,5.9774656,7.021797
839,4.1001334,5.92731,7.116961
840,3.885263,5.9743533,7.2406173
841,3.8881364,5.961066,7.242772
842,3.7988365,5.9800997,7.355175
843,1.8860712,6.094897,7.5520887
844,0.52586377,6.6619387,7.560588
845,-0.44195065,6.558154,8.090403
846,0.03327797,6.352501,7.8994727
847,0.03794647,6.333709,7.8409376
848,-0.45870933,6.375844,7.8549423
849,-1.4137154,6.796726,7.279162
850,-2.2002964,6.8647184,6.9357285
851,-0.84631395,6.147447,8.025164
852,0.5398692,5.9579535,8.146902
853,0.4730739,6.0564713,8.085135
854,0.18937322,6.16648,8.1258335
855,0.4809745,6.1364336,8.055807
856,-0.14580062,6.0831656,8.104766
857,0.16100314,6.05707,8.137926
858,-0.8575662,5.9320974,8.275584
859,0.30249438,5.704059,8.499314
860,1.5078034,6.598136,7.238462
861,0.9535694,7.28189,6.9271097
862,0.7341504,7.1113114,7.076143
863,-0.7378613,6.7410636,7.56849
864,-0.14963119,6.2287264,7.8439302
865,-0.33469498,5.6724577,8.527086
866,-1.4280798,5.6309204,8.274629
867,-2.8542442,6.284869,7.6192436
868,0.39406866,7.2221575,6.625693
869,1.4563303,5.8661404,9.014046
870,1.20902,5.5671177,7.8263335
871,0.1715372,5.081595,9.096403
872,-0.3215275,5.0705814,8.568384
873,-0.7594081,5.7901278,8.090521
874,-0.17393127,5.666832,8.407141
875,-0.37707055,5.70801,8.283486
876,-0.34822163,5.622781,8.363808
877,-0.33900437,5.567237,8.436469
878,-1.8802055,6.195209,7.529345
879,-2.2435098,6.271821,7.5652566
880,-0.15968637,5.7837834,8.239195
881,-0.67597365,6.574314,8.001341
882,0.9623081,6.149721,7.395875
883,0.30680376,4.9531507,9.08922
884,0.32870972,5.8212514,8.1762295
885,-0.38233757,6.0919037,7.3326697
886,-0.98229873,5.881223,8.05916
887,-0.5095839,5.996259,7.9844637
888,-0.4312969,6.3564515,7.465663
889,-0.44446445,6.0573096,8.146784
890,0.30788112,5.6343913,7.7393084
891,0.6426958,5.5786085,9.15422
892,-0.022025708,5.709806,8.107401
893,-0.01197049,5.4782963,8.246857
894,-0.54381955,5.776122,8.571617
895,0.2547321,5.0040255,8.485428
896,0.09145456,4.7510886,8.725077
897,-0.55579007,5.34698,8.664027
898,-0.7123641,5.3498526,8.465676
899,-0.4056801,5.255765,8.454905
900,-0.6959645,5.205129,8.6183
901,-0.480735,5.084108,8.803365
902,-0.475468,5.207045,8.666063
903,-0.6025947,6.060542,7.941011
904,0.20086488,6.927684,7.2663546
905,0.35911483,7.091919,7.3497887
906,-0.19464023,7.202407,7.0211983
907,0.1163532,6.6312943,7.7620516
908,-0.37240204,6.9900503,7.1593375
909,0.083314635,6.7966065,7.4444747
910,0.08104025,6.736037,7.475
911,-0.35564342,6.7518377,7.514262
912,-2.3456178,7.3093033,6.4656477
913,0.04273467,6.3990664,7.766122
914,-0.0483608,6.446949,7.7200346
915,-0.9471054,6.7975645,7.378278
916,-1.6214033,7.3753805,6.8916764
917,-0.78658116,6.348312,7.1277366
918,-1.7741468,5.592973,8.340825
919,-2.8414361,7.0774345,6.488511
920,-3.383939,5.8979816,7.168914
921,-4.7385206,7.105924,5.708873
922,-1.5543687,8.687825,6.0125647
923,2.5317597,6.386378,7.5262327
924,-0.77652603,8.26802,2.6440666
925,0.008259612,9.586809,4.8636365
926,1.260852,6.066047,7.8624854
927,-0.6946477,4.914486,7.6332493
928,1.9005554,2.5706635,9.001476
929,1.8837967,3.0387096,8.282049
930,-3.1892986,0.15262377,9.71372
931,7.027518,5.438794,4.3305902
932,5.275038,4.805555,6.34283
933,6.176416,4.9982796,6.9832516
934,5.651031,4.65317,6.658014
935,7.4722214,6.3357434,1.0950851
936,5.5370717,4.545077,7.751877
937,2.429771,1.8520749,10.081096
938,0.9187355,5.0862627,8.538098
939,0.64868104,4.672802,9.175049
940,0.8227321,4.821834,8.798218
941,0.8299143,5.102063,9.00016
942,0.7118853,5.5189962,8.689047
943,0.96446264,5.7763615,8.114463
944,0.7310381,5.473508,8.466395
945,0.99079776,5.7165093,8.185089
946,3.8385782,7.350482,3.947534
947,-0.94722515,4.4332724,9.019432
948,0.80645216,6.37728,7.4512978
949,0.8137542,6.445632,7.7891054
950,1.3982735,4.3621674,8.898052
951,-4.529754,5.3150187,7.2953224
952,-1.3788816,1.3843875,11.482361
953,-1.5443133,5.5124125,8.249849
954,0.15860905,7.2423887,7.39755
955,-1.9873412,3.2813516,8.730824
956,-6.1103387,5.425507,4.9370146
957,-1.5524535,5.683111,8.06682
958,-0.4073559,6.0253477,7.992364
959,-0.9041314,5.7033415,8.590889
960,-2.7224493,5.8828993,7.408204
961,-0.009935513,2.0607204,8.973944
962,1.6372044,0.5296943,10.045303
963,1.0171328,2.122967,9.821455
964,5.349254,-2.7772744,6.5445337
965,2.30851,4.3388247,8.316884
966,-1.0824916,5.506666,8.611478
967,-1.0074366,5.6122456,8.351599
968,-0.59421533,5.5224676,8.455862
969,-0.08690579,4.428963,8.998243
970,0.72217983,4.7384,8.915527
971,-0.49330407,5.0130033,8.743872
972,0.3759932,5.5236645,8.663071
973,1.6917899,6.1567845,7.812209
974,1.0613039,6.190541,7.955137
975,0.9978603,6.2426124,7.892171
976,0.983376,6.267631,7.8828344
977,0.76132333,6.2311206,7.9088106
978,0.80429745,6.3055773,7.8374662
979,0.77880025,6.332511,7.839381
980,0.8016639,6.3341866,7.8260946
981,0.7449239,6.33287,7.8356705
982,0.74887407,6.3262873,7.8420143
983,0.6950069,6.3114424,7.8659563
984,0.72732735,6.3210196,7.866674
985,0.741213,6.3225756,7.8454857
986,0.7631189,6.325568,7.8349524
987,0.7567746,6.315992,7.8384237
988,0.70697737,6.31252,7.864999
989,0.7306789,6.32054,7.8551826
990,0.7307986,6.321019,7.837227
991,0.7609642,6.323533,7.8392615
992,0.73929775,6.3176675,7.850873
993,0.7063788,6.3113227,7.857576
994,0.7051817,6.31252,7.8511124
995,0.7299608,6.3118014,7.856978
996,0.74360704,6.3122807,7.8544645
997,0.7339109,6.308809,7.863083
998,0.75066966,6.315393,7.849317
999,0.70374525,6.311562,7.851232
1000,0.6922537,6.3061757,7.8606887
1001,0.7030271,6.3218565,7.853985
1002,0.71068823,6.321258,7.844648
1003,0.7206237,6.3191037,7.842734
1004,0.71655375,6.310485,7.8623643
1005,0.6675943,6.310365,7.863801
1006,0.68243796,6.3097672,7.857816
1007,0.71607494,6.3143153,7.8386626
1008,0.7057804,6.3115625,7.853865
1009,0.7109276,6.317069,7.8512316
1010,0.69476736,6.3159914,7.860808
1011,0.6679536,6.3021064,7.8629637
1012,0.69548565,6.3042603,7.8714623
1013,0.695366,6.3092885,7.8576965
1014,0.687226,6.3065352,7.8602104
1015,0.69943595,6.3061757,7.8570976
1016,0.662088,6.299832,7.8670325
1017,0.6789664,6.2968388,7.866435
1018,0.6739389,6.2946844,7.870744
1019,0.6784876,6.3019857,7.858175
1020,0.39837807,6.2930093,7.879483
1021,0.3952657,6.4086432,7.701481
1022,0.44961175,6.2183123,7.934188
1023,-0.26263267,5.5965652,8.440779
1024,0.7980728,5.8301086,8.754645
1025,-1.486376,4.469902,8.114942
1026,-0.81004333,6.004878,8.671451
1027,-0.045368172,5.8697314,8.153128
1028,0.7658722,7.343418,6.9395585
1029,0.67681175,7.3394685,6.86606
1030,0.6629259,7.3472495,6.9093943
1031,0.72912276,7.2100677,7.8622446
1032,-0.8943156,8.291243,5.5284777
1033,0.20014665,8.220497,5.203838
1034,0.82345027,5.417008,9.272488
1035,0.74217063,5.616436,8.629792
1036,0.18949293,6.9661093,7.365589
1037,0.050395776,6.6636147,7.4893646
1038,-0.002034986,6.7498016,7.514262
1039,0.062485974,6.6883936,7.569566
1040,0.6404214,6.2259736,8.180899
1041,0.11144529,6.2015543,7.906536
1042,0.5470516,6.0296574,8.030669
1043,0.172016,6.4130716,7.7045927
1044,0.22432706,6.5004563,7.6917853
1045,-0.09348955,6.606635,7.7970047
1046,-0.93513507,6.545226,7.566096
1047,0.12688723,6.710659,7.6573105
1048,-0.35073546,7.1924706,7.1719065
1049,-0.0994748,7.245141,6.9806185
1050,0.2662238,6.914038,7.3039412
1051,-0.4873188,6.445033,7.8928885
1052,-0.6704674,6.801515,7.1586204
1053,-0.890485,6.985022,7.307771
1054,0.6595742,7.1080794,7.090747
1055,0.55734617,7.2492113,7.0677633
1056,0.41573524,7.3725066,6.840802
1057,0.34068027,7.1388426,7.1380296
1058,0.41190466,7.244303,7.090747
1059,0.5289761,7.251845,7.0827265
1060,0.4729542,7.4120092,6.8598356
1061,0.42195988,7.4806013,6.8013
1062,0.41286224,7.46049,6.796392
1063,0.3101555,7.449717,6.911907
1064,0.29052392,7.4709044,6.7844214
1065,0.23342463,7.50945,6.794117
1066,0.082476705,7.5368624,6.759164
1067,0.16878396,7.5016694,6.832902
1068,0.17524804,7.473059,6.805969
1069,0.1600455,7.4412184,6.852295
1070,0.06906975,7.288474,7.009347
1071,-0.5605782,7.5432067,7.0042
1072,0.9755951,7.098502,8.101893
1073,0.53723574,7.005014,7.219429
1074,0.1502297,7.032186,7.5036087
1075,0.2841795,7.0508604,7.306095
1076,0.28046867,7.09934,7.225175
1077,0.39718097,7.1032906,7.218592
1078,0.5259835,7.0873704,7.173822
1079,0.4889946,6.9863396,7.332312
1080,0.8951535,7.3923783,6.7783165
1081,0.9293891,7.354312,6.9152594
1082,1.042989,7.373226,6.902211
1083,1.2122519,7.5266876,6.657654
1084,1.1921415,7.7365303,6.5205917
1085,1.0165344,7.741079,6.365096
1086,1.2257786,7.616824,6.5457296
1087,1.1835226,7.691401,6.4899473
1088,1.1865152,7.720729,6.4530783
1089,1.137197,7.6085653,6.572066
1090,0.7534229,7.312654,6.8308663
1091,-0.44602054,7.599707,6.6321573
1092,0.61384696,7.3473687,6.8947897
1093,0.5584235,7.202286,6.9572744
1094,0.40903178,7.2004905,7.072671
1095,0.45655465,7.186366,7.1139693
1096,0.4532029,7.18493,7.052081
1097,0.42746633,7.1998916,7.0797334
1098,0.4277057,7.205878,7.0863175
1099,0.43428952,7.1892385,7.0865564
1100,0.43740177,7.1745157,7.1176805
1101,0.43357134,7.14842,7.1267776
1102,0.45978665,7.1506944,7.1243834
1103,0.49031144,7.148059,7.133003
1104,0.5225121,7.1333365,7.1465287
1105,0.49976817,7.132618,7.143776
1106,0.48193207,7.1277113,7.1059484
1107,0.5226318,7.090123,7.2375045
1108,0.4645748,7.1049666,7.157303
1109,0.50826716,7.0994606,7.1711884
1110,0.47187692,7.120767,7.151437
1111,-1.0086339,7.8995676,7.3828263
1112,1.902351,6.96575,6.9242373
1113,3.4478612,6.5763497,6.5561438
1114,2.1493025,6.9518647,6.98792
1115,0.5571068,7.0282354,7.2612066
1116,0.4212417,7.0048943,7.2922087
1117,0.48468533,6.973531,7.3117228
1118,0.5122174,6.9475546,7.294484
1119,0.48384738,6.9759254,7.30466
1120,0.4820518,6.9797564,7.325129
1121,0.45428023,6.9935217,7.280838
1122,0.48384732,7.0179415,7.352781
1123,0.6051084,7.0713296,7.197882
1124,0.58846945,7.0552893,7.2375045
1125,0.57470345,7.0497828,7.218232
1126,0.5539944,7.053134,7.2309217
1127,0.57362604,7.0636687,7.2203865
1128,0.5762595,7.0423613,7.2345123
1129,0.5434604,7.0551705,7.2406173
1130,0.5482486,7.0288343,7.265396
1131,0.58607537,7.0361366,7.2178726
1132,0.5804492,7.0410447,7.24337
1133,0.5787734,7.055768,7.225175
1134,0.55902207,7.0692954,7.2248163
1135,0.55279744,7.0482254,7.2325964
1136,0.5690774,7.0329046,7.2215834
1137,0.61791694,7.0284758,7.2269697
1138,0.58416003,7.0354185,7.217276
1139,0.5832025,7.025962,7.2638397
1140,0.5979262,7.008724,7.2456446
1141,0.55100185,7.023567,7.2450457
1142,0.60905874,7.015668,7.2395387
1143,0.589068,7.029313,7.255221
1144,0.60570705,7.0159073,7.263961
1145,0.5798507,7.0250044,7.2779646
1146,0.604031,7.009202,7.2495947
1147,0.5773369,6.99831,7.291014
1148,0.59026504,6.993641,7.2491164
1149,0.5893074,6.9905295,7.2790427
1150,0.5840404,7.011477,7.265516
1151,0.5894271,7.006569,7.235709
1152,0.58128715,7.0139914,7.259411
1153,0.59134245,6.98598,7.263002
1154,0.5488471,7.0007043,7.276648
1155,0.5696758,6.995318,7.250313
1156,0.6090587,7.001063,7.259172
1157,0.5824842,6.9965143,7.2352304
1158,0.5940956,6.9998655,7.274254
1159,0.57709754,6.977601,7.30418
1160,0.57973105,6.9893317,7.278923
1161,0.5859557,6.9851427,7.299512
1162,0.5677605,7.0010633,7.2596498
1163,0.5949335,6.9975915,7.283352
1164,0.57470345,6.9914865,7.2849073
1165,0.5832024,6.9789176,7.2845488
1166,0.585836,6.9974723,7.267072
1167,0.57242906,6.9962754,7.2651567
1168,0.5508821,7.028834,7.2746134
1169,0.5623739,6.9998655,7.274134
1170,0.55830383,6.993163,7.2553415
1171,0.54573476,6.993881,7.305856
1172,0.5997217,6.9814315,7.260249
1173,0.58583593,6.9993873,7.2867026
1174,0.59289855,6.9968743,7.2701845
1175,0.598405,6.992564,7.253904
1176,0.568359,6.970777,7.3033423
1177,0.5583038,6.9804735,7.2828727
1178,0.5521989,6.9967537,7.2845488
1179,0.5806886,6.9969926,7.2919693
1180,0.57566106,6.995436,7.2700653
1181,0.5755414,6.9920845,7.283232
1182,0.56823933,6.96587,7.3186646
1183,0.57015455,6.959765,7.3148336
1184,0.571591,6.988734,7.299154
1185,0.5960108,6.986579,7.293168
1186,0.51425236,7.0011826,7.271501
1187,0.3829361,7.1241198,7.160535
1188,-0.36438182,6.949949,6.665315
1189,-0.36246657,6.424205,7.7734237
1190,0.23773399,6.2677507,8.078551
1191,0.33996204,6.229804,7.9924836
1192,0.45260438,6.2379436,7.7302094
1193,-0.7086532,6.7737436,7.5233603
1194,-0.7370233,6.933908,7.313876
1195,-0.4545196,6.8383837,7.226611
1196,-0.98301685,7.0464315,7.029577
1197,-6.182521,2.033787,4.8924847
1198,-8.562375,0.74252975,-4.43217
1199,-7.5679855,-1.3423712,-5.4271574
1200,-6.702759,-3.8025467,-5.529745
1201,-6.6329703,-4.077749,-5.3775997
1202,-6.7997193,-3.6830814,-5.578345
1203,-6.6992874,-3.7134864,-5.614616
1204,-6.6766615,-3.6999602,-5.6103067
1205,-6.690309,-3.6793709,-5.621438
1206,-6.694379,-3.6742234,-5.6385565
1207,-6.7043138,-3.6653652,-5.6283813
1208,-6.7154465,-3.6557884,-5.6305366
1209,-6.705991,-3.651958,-5.6229954
1210,-6.7124543,-3.65136,-5.611862
1211,-6.7257414,-3.6373544,-5.616172
1212,-6.731008,-3.6255028,-5.602166
1213,-6.723108,-3.647409,-5.609229
1214,-6.7099404,-3.6143708,-5.6638145
1215,-6.7416625,-3.5661297,-5.629818
1216,-6.72251,-3.6198773,-5.6306562
1217,-6.7001243,-3.6180816,-5.6119823
1218,-6.720834,-3.6123364,-5.6057577
1219,-6.742261,-3.5735517,-5.6235933
1220,-6.718679,-3.573791,-5.648372
1221,-6.715088,-3.5761847,-5.6523223
1222,-6.7227488,-3.5680447,-5.6562734
1223,-6.735797,-3.5736713,-5.6548367
1224,-6.7101793,-3.5175297,-5.5710425
1225,-6.738191,-3.5467377,-5.6507664
1226,-6.7251444,-3.5384777,-5.673152
1227,-6.739627,-3.5368018,-5.672314
1228,-6.7295713,-3.5402737,-5.67782
1229,-6.729093,-3.546019,-5.68632
1230,-6.719756,-3.5473359,-5.672434
1231,-6.7102995,-3.5387173,-5.69817
1232,-6.714011,-3.535725,-5.6933813
1233,-6.725023,-3.5297394,-5.7018805
1234,-6.707067,-3.5281835,-5.711457
1235,-6.708265,-3.529859,-5.682967
1236,-6.704673,-3.5382385,-5.6963744
1237,-6.723108,-3.528782,-5.6674056
1238,-6.7664404,-3.5171707,-5.638198
1239,-6.7651253,-3.5263875,-5.6429853
1240,-6.7632093,-3.51753,-5.64143
1241,-0.27975047,6.378836,7.8622446
1242,-0.30644467,6.546543,7.741942
1243,-0.22971377,7.0045342,7.2233796
1244,1.2807229,5.35895,8.463641
1245,-1.3100508,7.5151963,5.7597475
1246,1.5836962,5.113555,8.944977
1247,-0.1746495,6.709582,7.4394464
1248,-0.6274933,7.2471757,7.0450187
1249,0.31350726,7.397525,6.7106833
1250,0.20529397,7.3029585,6.7731695
1251,0.9022161,7.249092,6.9242373
1252,0.8306325,7.437387,6.7542562
1253,0.73151684,7.426614,6.889882
1254,0.44099298,7.3582625,7.019643
1255,-0.047403153,7.194865,7.037478
1256,-0.13658336,7.227066,7.096133
1257,-0.10522065,7.110713,7.261566
1258,-0.39358982,7.294221,6.9307013
1259,-0.6853107,7.3737054,6.863307
1260,-0.52813816,7.3490458,7.0369987
1261,-0.5305323,7.3292937,6.9333344
1262,-0.3907169,7.274948,6.947221
1263,-0.18075447,7.16494,7.147606
1264,-0.14604002,7.221559,7.029218
1265,-0.17105836,7.242508,7.027302
1266,-0.18195151,7.2505274,7.0395126
1267,-0.13598481,7.252922,7.0279016
1268,-0.1305981,7.2478943,7.0155716
1269,-0.2303123,6.641828,7.595542
1270,-0.064760365,6.9541383,7.104033
1271,-0.492107,7.0058517,7.3130393
1272,-0.2889677,6.971615,7.2609663
1273,-0.2355793,6.897279,7.4882865
1274,-0.18374708,6.952822,7.3064547
1275,-0.16447458,6.8910546,7.3382964
1276,-0.20577276,6.734599,7.549576
1277,-0.2501833,6.817795,7.435736
1278,-0.27795488,6.8517904,7.4326234
1279,-0.35037634,6.920263,7.3253684
1280,-0.27017406,6.8793235,7.3987474
1281,-0.27125138,6.9002724,7.3630753
1282,-0.21977827,6.903025,7.3368597
1283,-0.22971377,6.899195,7.36559
1284,-0.23103054,6.9145164,7.3683424
1285,-0.28022927,6.881837,7.381748
1286,-0.252338,6.8744164,7.403296
1287,-0.033158265,6.7979226,7.5247965
1288,-0.09815805,6.855741,7.3839045
1289,-0.31937277,6.9442034,7.2935266
1290,-0.2645479,6.8800416,7.3772
1291,-0.12569019,6.842334,7.4082046
1292,-0.0629648,6.8460455,7.4426794
1293,-0.083793454,6.8375463,7.4260397
1294,-0.08894077,6.8179154,7.4420805
1295,-0.13957596,6.8174353,7.4319053
1296,-0.16531251,6.826772,7.415625
1297,-0.06069041,6.817675,7.4590783
1298,-0.029447416,6.826893,7.437771
1299,-0.03782676,6.8313217,7.423406
1300,-0.03483414,6.834792,7.444354
1301,-0.0676333,6.798163,7.474641
1302,-0.04285436,6.798642,7.4755983
1303,-0.049318437,6.7866707,7.497144
1304,-0.085948154,6.801156,7.50744
1305,0.079723485,6.7974443,7.449622
1306,0.07697027,6.8052244,7.421131
1307,0.09971421,6.797086,7.4615927
1308,0.15070851,6.8132467,7.443995
1309,0.15872875,6.816359,7.4140687
1310,0.13957594,6.814683,7.455369
1311,0.110008836,6.8170767,7.4402847
1312,0.056021906,6.7936144,7.4821806
1313,0.107255615,6.806183,7.447467
1314,0.11096647,6.8043876,7.476316
1315,0.08989842,6.796009,7.451537
1316,0.089659005,6.8031907,7.4453115
1317,0.045966692,6.7889457,7.4821825
1318,0.045487873,6.7729044,7.49092
1319,0.118388176,6.7877493,7.472486
1320,0.11838819,6.790023,7.4811044
1321,0.100193046,6.799121,7.461712
1322,0.11910641,6.7831993,7.475119
1323,0.067154475,6.763448,7.505645
1324,0.07732939,6.7757783,7.501095
1325,0.08606784,6.7706313,7.508877
1326,0.1066571,6.7753,7.4785905
1327,0.10055216,6.776017,7.48709
1328,0.078047626,6.763688,7.4942713
1329,0.09708069,6.7590194,7.5112696
1330,0.087025486,6.769314,7.4978647
1331,0.11096648,6.76297,7.5031295
1332,0.12293698,6.7630897,7.487329
1333,-1.2770123,7.0127945,7.1237845
1334,0.2495848,6.6508055,7.6167297
1335,0.20685014,6.6767817,7.571601
1336,0.08570874,6.7294526,7.5203676
1337,0.10701622,6.7271776,7.5249166
1338,0.19930872,6.6736693,7.616132
1339,0.32272452,6.543551,7.638158
1340,0.36617738,6.015173,8.057124
1341,-2.0752046,2.7237659,8.094471
1342,-3.900107,-1.0343705,8.376856
1343,0.13861832,0.23198815,9.950138
1344,0.10222801,0.24036749,9.946667
1345,0.0846314,0.25293654,9.9499
1346,0.06140863,0.27196962,9.940921
1347,0.055303674,0.26909667,9.953967
1348,0.056859843,0.2626326,9.954569
1349,0.04584699,0.27448344,9.948702
1350,0.04321348,0.27568045,9.945708
1351,0.052670173,0.26873755,9.948583
1352,0.08151907,0.2457542,9.923325
1353,0.14197005,0.22157383,9.954686
1354,0.14340651,0.22791818,9.950975
1355,0.14185037,0.2288758,9.952294
1356,0.14376564,0.22277088,9.947504
1357,0.14208975,0.2212147,9.942716
1358,0.14520209,0.23055169,9.955285
1359,0.1477159,0.21762352,9.935414
1360,0.1481947,0.22169355,9.947743
1361,0.14232917,0.2244467,9.952414
1362,0.14951146,0.22181323,9.951934
1363,0.14951147,0.21295507,9.952413
1364,0.14891294,0.22169352,9.948223
1365,0.14568093,0.22480586,9.948223
1366,0.14735678,0.21546884,9.941039
1367,0.15130705,0.22289059,9.949303
1368,0.14855382,0.21846148,9.950018
1369,0.15022969,0.23737487,9.951334
1370,-0.32356247,6.2858257,7.7990403
1371,-0.021427188,6.037678,8.021452
1372,-0.019392196,6.060542,8.068735
1373,0.1531026,6.118598,8.079748
1374,0.13466804,6.0434237,8.120329
1375,0.20038605,6.055633,8.13194
1376,0.20278016,6.007632,8.084895
1377,-2.5596507,6.9634767,6.917413
